f0,f1,f2,f3,f4,f5,f6,f7,label,obs_date
-0.7931224751578991,2.0581152931069537,0.39745115695481015,-1.2382711720951405,-0.41003709748710687,-1.8791395488288667,-0.4520045658517263,-0.7699632301136624,0,2024-01-01
0.24057128353827487,0.7061260422518802,0.8363769172621162,0.32769419582702375,-0.43596230845235395,-0.984088105656567,-0.35309518926146244,-1.3077196749861675,0,2024-01-02
-1.8963263495990657,-1.0960117675434855,0.4156628060061221,0.6766550549397076,-0.021719512427615762,-1.9519285710788044,-0.9423352864832004,0.21445747375871455,0,2024-01-03
1.3957717101086942,-1.131272263634678,0.6904016820280002,0.692876338104079,0.11832318251317034,-0.43167093073078694,0.011021863620757424,-0.1135944352680504,1,2024-01-04
0.6382947409282153,-0.9527356859236873,-1.1714582346566726,-0.3202986627673394,-0.20301856621174033,-0.4479876069776393,1.1904457506501855,1.1608815988611263,1,2024-01-05
-0.29204748521936347,0.4894059390638143,0.4478068464830792,-0.9270492813242734,1.1381127251696563,1.7289640163821058,0.7356133606209078,-0.6458276022868202,0,2024-01-06
-0.31194932819017573,1.2654211894151524,-0.1092694258240487,1.6192849079243183,-1.5686614879595129,-0.8093364505240855,0.7169117468939549,1.630572635353986,0,2024-01-07
0.30383536777881237,-1.91775604128544,-0.08649315661441682,-0.2346516742391549,-0.5030089595424553,0.11634772337293058,0.36390047916468904,0.6579113144692914,1,2024-01-08
-0.2676603022043396,0.6092449115832982,1.3001347266845023,-1.2277325481496795,0.6506085107152602,0.3860795800790641,0.21301440087460982,-1.4939156772184368,0,2024-01-09
-0.2259088611632136,0.9278559601625068,-0.4886709313879904,-0.24785173591480023,-0.287632388603167,1.3618534405576854,0.08096955744015817,-0.6638998345526266,0,2024-01-10
0.7200678200091131,0.315969474351436,-0.6666055443527478,0.291498072722648,-0.2487384412533004,0.42163320974096075,-1.1184555908005311,0.03473873245508118,0,2024-01-11
0.5147052057737699,3.2362323840578138,-1.3135679221959882,-0.7438901036161126,-0.30207289721709807,0.7097626615556364,-1.164503656582238,-0.1131154331325438,0,2024-01-12
-0.06412793563418305,0.5352488533841071,-0.2956010988953114,0.3765621839320643,0.9512396604290576,1.7541889030169775,-0.9875741637227505,-0.8774448984674165,0,2024-01-13
-0.08547656318586194,0.03249183319659698,1.070686254368327,0.8621550753836902,0.6941809202397615,-1.705484567044371,0.9273988256882205,-1.8003741034743892,0,2024-01-14
0.16091632266564457,0.6105215431044476,-1.6677896267285217,-0.0731737550239297,-1.3260705195216644,-0.6134322966644562,-0.6643858782778155,-0.3025189722000512,0,2024-01-15
-0.6140183945189056,-0.5441767591542985,0.2512180153679789,0.9787601646764811,-1.138245818010386,-0.4137425858321552,0.6184930317927874,-0.21867350096489813,0,2024-01-16
-0.4037502646562769,-1.0992649535176389,-2.5327617498718564,-0.14345627990472914,-0.4148461397109242,-0.10427958875081637,-1.1837710466448814,0.5756680022832609,0,2024-01-17
0.5482601802064181,0.42218033928460746,-0.690258769110367,-0.493718488404451,-0.13808433532374956,-0.6706580910783771,-0.30276109699750603,0.19432851033876883,0,2024-01-18
-0.1304827931408637,1.1536257788612077,0.4374919341046126,1.551982668241795,0.9065581760537325,1.0269523569790469,-1.014611432892073,-1.0642929549568267,0,2024-01-19
-1.3744261756767235,-0.2349374002498055,-0.538559827520861,0.6031048653467548,-0.1171612123454686,-0.6578181355737224,0.675610852930903,0.7755943251504408,0,2024-01-20
-0.47727871963320684,0.9257199380199073,-1.2020354037725463,0.08556069535489791,1.3216367422793012,-0.6904797037671453,1.9725721574797184,-0.5853413652203916,0,2024-01-21
0.6566216052935377,-0.37577370562543244,-0.36823392736018573,-1.8137427391388163,1.8652194788768766,0.4194985065641229,-1.2781453990837335,0.9547340249664931,0,2024-01-22
-0.23228277208327797,1.6313911586009147,0.9891086013178257,-1.3971141881352402,-0.8678301640066584,-0.7804474992128333,0.27366571966886777,-0.46156971439253464,0,2024-01-23
-0.14873281023632337,0.21478963496723885,1.4919350114757661,-1.6831423900326379,0.17170890522003462,-1.089386720590383,-0.8592834282576046,-0.5414755305643434,0,2024-01-24
0.6418366281712384,0.5343138645770067,1.5122105736102098,-0.06565364715963634,1.032794494410861,-1.3454698726063292,0.7000140933595056,-0.0035677557978533417,0,2024-01-25
1.8246103049154356,0.7661656244751315,0.6822885460452597,-0.05336143002715645,0.23684514285135055,-0.17953884912796197,1.6796207596366817,0.7685574442259219,1,2024-01-26
-0.7131886718682877,-1.3520780579147114,0.36057928003930834,0.3881795896027876,0.3484613595946157,0.967298482860453,-0.5485349826497875,0.26300431097888655,0,2024-01-27
1.3482068134340977,-0.18212742998153664,0.9858383063541956,1.0060628440728852,-0.45210697888439993,0.7445713562289344,1.0007138770477642,-1.2869357085110478,0,2024-01-28
-1.2300127753398604,1.840527408847227,-1.1563720369531998,-1.5435262478531178,-0.5461391968858522,0.39841569168400015,-0.13025920079415995,0.9688547672362627,0,2024-01-29
0.17497762274037393,0.03649257013959977,-0.9692026406181566,-1.364384991299685,0.21119348965526719,0.06699471076396361,-0.7474951015567034,-0.6615856317385802,0,2024-01-30
-1.1695295195123863,1.4026067526599917,1.291556002270261,-0.9364860973787738,1.0029490416298172,-0.6062055076284169,-0.4030385780482355,-1.4312521033119716,0,2024-01-31
1.351458184504187,0.8840908395986957,0.8562732840787258,0.4300810465364131,-1.0429670955405304,-0.1459526758509198,1.1752036554164218,-1.6865134737552254,0,2024-02-01
0.8339229967182518,-1.8277290346992463,0.8750821643654566,0.26332815195579057,-0.134231962955213,-1.2728012881558093,0.427858451130956,1.2978108815749587,1,2024-02-02
1.1377167846550682,0.707370671076363,0.22182580403164226,-1.0594965963923137,1.8099888845014354,0.10522964438378418,-0.07982427928267509,1.5170972923809996,0,2024-02-03
-0.8855331545554961,-1.0882880464857139,-0.8249948838446639,-0.7246410324381838,-0.18539831814728078,0.9462093090973919,-0.17150234638210674,-0.5383476337445348,0,2024-02-04
0.6845550254847351,0.2612309610503803,-1.0801021819776502,0.35320068200099053,0.17742422197609756,-1.6713784685065065,-0.628121350354209,-0.28679669073328745,0,2024-02-05
-0.5190133298294971,-0.4156013498924418,0.938046907328073,0.042631504061469226,0.8108066266477026,1.2649346621384305,0.665710162423188,-0.051347308219772826,0,2024-02-06
-0.45738531115194264,0.02176174637997512,1.0828266136218052,0.9861141568533456,0.5844701965115932,-2.207242378071881,2.1951385840978266,-1.2498838706405426,0,2024-02-07
0.5065370793987306,-0.07087819200575916,-1.1204731501865897,-0.8349411135792809,-0.14485574677980204,-0.8264760090226423,-0.16449737280950025,0.13434313940015688,0,2024-02-08
0.8767181724687065,0.24266802192757134,-0.7395141068917201,-0.1630049120679561,-0.20599147461766582,-1.128256734468163,-1.0507853891475376,0.5505412853325207,0,2024-02-09
0.20442021540537625,-0.44831326309615965,-0.10289315196992849,-1.013303908682767,1.5377915283245982,-0.7704957084516986,0.3956959735415828,-0.4199574343067065,0,2024-02-10
-0.6279871010105986,-1.3509739674468209,0.8746378411462777,1.119116868639907,-0.9316831100620553,-0.4096188424878971,0.5522219895043784,0.23951158141356715,0,2024-02-11
-0.8258165208830098,-1.0099544539866498,-0.3405384325020318,0.9950223730828084,-1.3407749612724469,1.1957752289864754,1.107921304035892,-0.41165308387159344,0,2024-02-12
1.4443170258252331,0.9162399244243266,-0.8522264950079212,0.4592230247601418,1.1267046980766924,-1.0601632294759022,-1.226634494198323,1.0163154454472534,0,2024-02-13
0.5939459107122969,1.7244937327895602,0.988418936943704,0.9455616534382137,1.276794925098275,-0.9790008683039776,0.3076678375227441,-0.9132741741815519,0,2024-02-14
0.7197279364283922,0.23257176663167994,0.5972736347854252,1.3488182216688254,-0.9490805038094677,-0.7984826459045321,-0.8596290745819263,-0.4654754407717776,0,2024-02-15
2.1834881427128314,0.8422973762805964,-0.6942556444510805,1.427401550565089,0.8984219225933718,-0.6094530260763269,1.4135709011778714,1.425044296807155,1,2024-02-16
-0.8158629486356607,0.9768538513299708,-0.6593542120635544,1.6711235569694567,0.3852518364877031,-0.6994938590816551,0.7800570576148375,0.18308936259153422,0,2024-02-17
2.5594577984058473,-1.3658236817650753,1.1099761176532368,-0.7293055483579962,-0.08645516493490692,-1.3907358326146604,-0.1862335845410976,2.402257162052311,1,2024-02-18
3.15090813353985,-1.8726513273882912,-1.2808748163508081,-0.807747071697444,0.13797330527512197,0.19145303467603225,-1.2348819834060916,0.7393413314328915,1,2024-02-19
1.6184131202601322,-0.05125640412410287,-0.29287583956369884,1.2683031441358539,1.8796150483024503,-0.19539421930623008,1.954924592077393,1.161588438606832,1,2024-02-20
0.8271065315552476,-1.892311464677606,0.4493076000140611,-0.43194148042546193,0.7804007528798411,0.9281179817525422,-0.14340469385154156,0.6486633406772127,1,2024-02-21
-0.663821954890323,-0.2724853434833264,0.16438618841540753,-1.766913305748406,0.6276922155906834,1.1699452178542622,0.9338152855182251,-0.7531194756822754,0,2024-02-22
0.9944856278202228,-1.4782237426784206,0.9294147513288626,-0.45993495511481686,0.5622180902240304,-1.6198568478861661,-1.952316892823502,0.9357736711294469,1,2024-02-23
-0.4426921491035081,-0.624036628265165,-1.711013604714204,1.0100479021089797,-0.553603272404155,1.5086603369439584,0.1438151686241141,-0.9886178014360091,0,2024-02-24
-0.021650789789891167,-0.7511868669856704,0.01760893099940252,-0.4690330970645878,-0.2742391774523316,0.4485475277994038,0.8017278856538658,-1.635393045971158,0,2024-02-25
-0.29043317738973956,0.5199974507603043,0.30116198017166795,0.7559463357054412,-0.10078752566264992,1.203557077466732,-2.203375565317874,0.39032024806224225,0,2024-02-26
0.2838299564910305,-0.6472435013594432,0.3335966362235727,0.299815599268368,-0.8355406692298374,-0.15373055722633003,0.28780995827819406,0.997276014674873,0,2024-02-27
1.2880777154433913,-1.1477532333253937,0.5769138729470785,-1.3436529795972803,0.5734562335322746,0.5849880895843813,1.3070285373157529,1.2376493744307113,1,2024-02-28
-0.5555840578664938,0.04880504838793347,-1.1668671669299437,0.4467410955486361,1.1952843539614222,0.5011703068960063,-1.497309976157981,0.4139962897824065,0,2024-02-29
-0.9854038336302882,2.967183970895836,1.4451449292493006,0.0072967391472506015,-0.05016079928598167,1.2817785597263975,-0.12555414244407245,-0.06899133861243663,0,2024-03-01
-1.0029565517494774,0.4927751397850029,0.45404294930308964,-0.5496105327993274,-0.7738724205172746,-0.6692434286124926,-0.3493120887651199,-0.1354294280845031,0,2024-03-02
-0.9682773272178793,-1.9449262398674567,0.5606300493582165,-1.4288885941971328,-0.7445323312374716,-0.6603164300201289,-0.6364694643325693,0.5307387451311116,0,2024-03-03
-1.4311029837963556,0.0913139328950341,-0.5768656180040214,1.5935337091497264,1.6412442226508555,-0.30974816313050774,-0.6335689762803772,1.00249200397917,0,2024-03-04
-0.9129340749393138,2.571097255023504,0.1807500653895794,-0.9120179495532518,-0.5410354976968615,1.2957336845942053,-0.9113480260035924,0.027206094482339377,0,2024-03-05
1.2932656165144563,0.1691417956474309,1.3304609379367098,-2.0357239032993806,-1.1764390091847432,1.4706661357392092,-0.7809457938367885,0.6358248483860793,1,2024-03-06
-0.5933119682389986,1.2806658976485965,-0.015179486752300013,0.8292727644383013,-1.4422288828255192,-1.1663092319905561,-0.06284121932213534,1.1575526690006706,0,2024-03-07
0.25710765788638085,1.1101142656999716,0.19535739980398897,-0.4479791626404103,-0.427888841045346,0.48604110453201577,0.07971559704999001,1.201126876983093,0,2024-03-08
-1.216893966089114,1.1883747919810879,0.3167161219968576,1.1799023819895342,1.2604115965907647,-0.07680810661160531,-1.3589122240653821,1.1664924107802994,0,2024-03-09
0.16965057990044394,1.0507947479496411,-1.6330601367125792,-0.10723397314395594,1.295859895950367,-0.27816606962623647,-0.6120423364234332,0.8364991845589673,0,2024-03-10
-1.7407814485295512,0.2826496346329715,-0.17255968163342175,-0.017697653124213977,0.6368303356753738,0.4954136764358628,0.10140406355466537,1.7321014859636987,0,2024-03-11
-0.6987558974796816,-0.18431639917405046,0.6930165120691836,0.5824809058338916,-0.6935478260640316,1.8184484117082111,1.2150527180576,-0.8772939260581364,0,2024-03-12
2.25453892712826,-0.27854918924790806,-0.48854549674482883,0.11358664246109594,0.872105392919318,0.5530502662534549,1.2266548694325787,1.6795514863649892,1,2024-03-13
-0.5829696909767876,0.12027139240787155,-0.042169262262310415,0.10945449438991747,-0.14607754236540355,-0.4902538241584218,-0.028303168463310477,0.07755209979086745,0,2024-03-14
1.1199763853913791,0.4270341164560763,-0.03274752688392293,1.077426713899126,0.659640137156093,-0.6592606201862596,0.11622476782919625,-1.5404845198347465,0,2024-03-15
0.4550541251212029,-1.2756724948172788,-1.579944023352088,-0.9045090486171414,2.229996426760899,0.4760997542711721,-1.4368134269456345,0.1259211622854485,0,2024-03-16
-0.15298577722473797,-0.2804578783456461,0.8043077859757292,0.5524792401030683,-0.17270043303853608,0.23563996241994356,0.07627782351490393,0.32241468664909184,0,2024-03-17
-0.6521068213049493,-0.04056195748309596,-1.354044106928368,0.28468267697286914,-1.3080492889901716,1.1100073125689192,-1.9148409292468236,-1.3175215378485643,0,2024-03-18
1.2869093984134494,0.10785915467065905,0.4226679414849526,-1.6034693579815251,1.9651913577387703,1.3781046758234359,-0.39153456106348045,0.029769038843007512,0,2024-03-19
-0.1773834594028799,-0.3096858815122197,-0.13359660836591944,1.1052243996132676,-0.10160261473098753,0.2350682246972672,-1.3273168542768594,-2.1852815275164414,0,2024-03-20
1.527424478271748,0.8064023906622744,-0.3411238534359255,0.7660379523988203,-0.1204124171471405,0.5942972661004631,-0.77281945571146,1.7000811239921614,0,2024-03-21
-0.7190790299943703,-0.10399042087832878,0.06678079473058181,1.5339841489343418,-1.5770875993752056,1.6602975941974998,0.13684711811310182,-0.2590478357565701,0,2024-03-22
0.057338987391204396,-0.37543900078833764,0.7536795486546626,-0.435885792671817,0.8122048713263226,1.2879606104414951,0.20638942697120854,-0.004709219642992349,0,2024-03-23
0.4654991267904626,-1.236860939676181,0.8134591027696112,-1.0975664718474336,1.1211083511898612,-0.9102514771933456,1.268001311654809,0.9571708486733143,0,2024-03-24
0.37316017302818355,-0.777399144903471,-0.4303413445610898,3.064959067962744,0.32454246293069355,-1.4374247002165923,0.21873052620000963,0.011144357602876584,0,2024-03-25
-1.2338015118488639,0.22961241649295433,-0.16446367670590692,-1.016150620806301,1.1656872721989864,-1.372095292577103,-0.5220425661753862,-1.257283118255632,0,2024-03-26
-0.6640627324429782,0.11917571938989226,-0.8594290866093661,-0.7922554235653535,-0.32292656297578454,-1.762999134177283,0.6393390407510601,-1.9303610328491576,0,2024-03-27
-0.19598021336613813,-2.0387060674462267,-1.4614988303839795,0.5534230441465671,1.4252260695759336,0.3803736481736477,-1.6940276237268688,0.6617519673122926,0,2024-03-28
-0.8536993093242442,0.924303431064754,0.9509393828970377,-0.4325952522409552,0.8526612716755526,-1.2609096363549965,1.6871174205353217,0.7988979140077695,0,2024-03-29
0.6773251088800409,-0.7026085336342535,-1.0972529271477596,0.4113934821864587,1.8440273207807887,0.6731646814689044,-2.1688047247484468,-0.4333259154824355,0,2024-03-30
0.588019181358798,-0.9019239528071528,-0.7353003455212768,-1.3243902302886141,-1.5915779367088636,-0.8299861364249609,0.6579354802409143,-2.0030555352689707,0,2024-03-31
-1.957084454178259,1.1147107360183526,0.37940419137102044,-1.6968549391804955,-1.1705290277747928,0.9447069684685011,0.5380893130152195,0.3260608768028347,0,2024-04-01
-1.8052540712733376,1.1633510564893799,-1.3476911863661996,-0.5472810474462227,0.9708472921498116,0.6207984056126188,-0.5978932658036802,-0.01718422731963478,0,2024-04-02
-1.2815632768197962,-0.7114094007268258,0.48009573859609744,0.6729768248825526,0.4596314433846918,0.14564265123661754,-0.4610298428411056,0.616309205547578,0,2024-04-03
0.11725953014640239,-0.35561787274685946,-0.8437465172537818,-0.032973829433397744,-0.8328984768496522,0.43843423292147155,-1.5139592463726737,-0.7935009838010589,0,2024-04-04
2.0331725300388053,-1.2240524594342654,-1.1364295039403625,1.194130026775846,0.18136397303304705,-1.305175441808784,0.09667583611050633,-2.0921232745683205,1,2024-04-05
-0.38235645046791567,0.814226893166034,-0.5806673383095312,-0.2624695583754933,1.018389919440599,-2.4868800502854884,0.5309329976035152,-0.5489307389168399,0,2024-04-06
0.2506505498829739,0.9046776166490703,-0.8510549829326656,0.18802290823024,1.2312113424234241,-0.5794793305235441,-0.5585324928067936,0.7723289301937087,0,2024-04-07
-1.063111704919622,-0.43881277459317203,0.23605617773154905,-0.9069401627299284,0.36002784635953045,0.4094805260618027,0.41566499049488675,1.0400502475773925,0,2024-04-08
-1.0468362159236777,1.3916844772304504,1.4181350072911032,-1.4594113136926363,0.19058218691138115,-1.34398775474992,0.6748687026675653,-0.34769488579265734,0,2024-04-09
-1.9572278146894229,0.9185830478120429,0.6740576976338167,-1.2121536991576531,0.5684714556774356,0.6127060118114265,-0.7854244756706731,-0.5626610260733095,0,2024-04-10
-0.028344247724271864,-0.12371021988890538,0.46493945682501314,-0.7939873007492467,0.05134399466195513,0.5567491517814875,0.8424183479627572,-1.8069660015708386,0,2024-04-11
0.9472166828226635,0.7215848042377154,-0.6153135999013761,1.961729927520925,2.010529612980768,0.0764743736335227,0.4466641970335317,1.1890789278877123,0,2024-04-12
-0.3567143204291217,-1.6546722542514165,-0.24113219352805185,-1.2848279384853452,-0.32835974723538375,0.2168619790291058,0.06017929428273513,-0.45404565034930666,0,2024-04-13
1.3964530866462435,-0.2627950293704883,0.09236754014989979,-0.8808074398988939,0.11515828519683226,-0.13761094035803528,0.7587146648926938,-0.7172786121264795,1,2024-04-14
0.19785485277357148,0.25165658400738294,-0.07587715048288432,1.3682901417563427,-0.09214816847693348,0.09723932105128066,0.3003680497759707,-0.8948353994486725,0,2024-04-15
-0.036412487563218514,-0.010423194036304637,0.12459855613100802,-0.6652837352975618,1.6502558966246916,-1.3179007857699347,-0.7401689513385272,-0.3998970302748236,0,2024-04-16
0.517253892693522,2.0499488966662796,-1.2217894831377851,0.587727805799239,-0.43542515310581936,1.006688487481906,-0.6589340238678212,0.41323184640506844,0,2024-04-17
0.48737756978225144,0.31053290719942717,1.7394149500587701,-2.276238272495756,0.9812665878094907,0.294647145223323,0.21202862576183057,-0.38336085901816014,0,2024-04-18
1.147806370547824,0.3664609805301145,-1.3707805958466925,-0.9709481041600794,0.03943077559857211,0.4888392903666299,1.0948458736708455,1.346754239710957,0,2024-04-19
-0.8019542644400708,-1.3279925130566592,-0.18496524830106792,0.5104344918524735,-0.3586270881766747,-0.8014190945471904,0.1668140743623183,0.6450180063546316,0,2024-04-20
-2.2880491588369907,-0.1874875348856187,0.7865049549785962,-1.6979199641125469,-1.994204582098627,-1.5404120747070114,-0.40699521074818157,0.3652809350778482,0,2024-04-21
0.11474669868174449,-0.7835219531539016,-0.787831329432914,0.17762233402656896,0.0315574798852945,1.1811820295585465,0.02849709148940406,1.2919461479012455,0,2024-04-22
-0.6116751553220791,2.3487660478199905,1.006918668313095,0.032999502465635606,1.769602177785757,-1.528061096307158,-1.1902701686564685,-1.2070785747353217,0,2024-04-23
-0.02717720736553576,-0.41562890715134826,-1.4556620600244286,-0.5637614063421458,-0.6060270229320392,-0.3859047425799232,1.131687197825755,0.1380175054388447,0,2024-04-24
1.664300022039085,0.11905765245629782,-0.7892222992306254,-0.2764709442428277,-2.83800462574746,-0.16505528114191953,1.3996670394024708,0.788793599718625,1,2024-04-25
-1.1028418050923654,1.2158081091462396,-2.398213450491559,0.7018019718717332,0.379706482690448,0.1959897659933234,1.6526050933522256,0.815998268769888,0,2024-04-26
0.7647973366547646,0.6566656001910643,0.9851254646311053,-0.05504212148742118,-1.118090129616877,0.2735916686843439,0.8710375356260477,-0.42602763584650666,0,2024-04-27
0.9458675444085191,-1.4113105550284764,-1.2439081448780887,0.9796769682803214,-1.703640403054964,-0.07223341216342573,-0.6935307572409094,-1.2007062847244674,1,2024-04-28
0.4607362389115478,0.6385207841051324,-0.7440329900774474,0.7765633269427601,-0.4537188715701953,-1.4862913874149197,-0.14955143080163652,-1.8571229416267092,0,2024-04-29
1.1185081591709785,0.7103125798052551,0.7120398633097149,1.5335657475997393,-1.274719602735054,-0.3295632219974444,-0.41682942008085727,0.4930480101018769,0,2024-04-30
-0.45836227856340905,-0.18164743306424636,0.28823981816609273,-0.4269632835374384,1.1085708001391266,-0.14375600958778872,0.4083426668043567,-0.08567907453940225,0,2024-05-01
-0.6815097047368442,0.46429536845872144,1.0069395613780447,0.16511843272777657,0.26579436363246595,0.4842758251695871,1.3224761552057722,-0.1748505426083274,0,2024-05-02
1.0389827985611537,0.10473104088984195,0.589056454803553,-1.0580380743616549,0.6694203284270167,0.1851641358967647,-2.4694034613394122,0.17641672029287767,0,2024-05-03
0.7203000218578531,-1.3853783336939696,0.8319095375562064,0.6141935702872036,-0.5861440570741793,1.0826457593651784,0.38554573778610457,-0.05012426479320823,1,2024-05-04
1.3903781421525945,-0.5634987063480137,-0.5405861351639765,-0.715213620641336,-0.06071574304132466,0.7881793963942173,0.22545455178460402,-0.5063935724632682,1,2024-05-05
0.21228957781149788,0.020716177960651755,-0.14639181479408447,0.6111915523400779,-0.5218288156220717,-1.3294281404094905,0.25574878159564274,0.7492876407089846,0,2024-05-06
1.6235631195706361,-0.5864411233906635,0.6774911792874516,-0.2830502797250916,0.2939794548648361,0.014643155242253672,0.6390170808014197,-1.3440637363697467,0,2024-05-07
-0.28208026028453087,0.539045548497042,0.6907853217211101,-0.1756848697289097,-2.217376410704139,0.3893859288983551,-0.8917896319864006,-1.120933743351838,0,2024-05-08
-1.0603291561656696,1.0019691850721346,0.883761190648946,0.2242770507174942,-0.026029124026029502,-0.5595348261474639,0.9124592449207535,-1.3027669922089096,0,2024-05-09
-2.037089197516421,0.2734199269708766,-0.8279961873158785,-0.7464223003041367,1.036658818205339,1.4592374550037541,0.29587305630819394,-0.34234235309240796,0,2024-05-10
-1.1014012900841277,-0.3726781418044167,-1.1585467696505203,-0.6735869998579296,1.7057580065001414,-0.6021646933320081,-0.22749094277814597,0.6229776439630833,0,2024-05-11
0.8185035060874669,1.362841656564512,-1.317337290210919,-0.628035069695954,0.8336560699282294,-1.344026885423837,-0.004208773799839297,-0.7629049456767043,0,2024-05-12
-1.4649286880318764,0.1375267325673482,-0.5359696794648058,-0.5472011110893874,0.14556198067088824,-1.8274107818289131,-0.45430283739719335,0.14575667361607025,0,2024-05-13
-0.452364252194422,0.3535240462577889,-0.16391499472723772,0.6135476852316473,-1.7045571880861896,-0.5178508221535564,0.06563058322409743,0.9369254163639693,0,2024-05-14
2.106583957841778,-0.7634451003337144,-1.256106578212027,-0.3966380453793862,0.1511595788083511,-0.5129215736234508,0.5564717509999332,1.7666496095487103,1,2024-05-15
0.8467959424820816,-0.21764807421684332,-0.24699493794731264,-0.5829539128247581,-1.965279542138962,-0.4247110411172461,-1.3001634081146023,0.8537942239028766,1,2024-05-16
1.7909845571482128,0.9981031185840258,0.5682849715126078,0.8093708654407027,-0.9005881552175021,-2.25916964419159,-0.3680413955431912,-0.4959423092321508,1,2024-05-17
-0.9915621874627999,0.7437283412035894,0.9257398043691064,0.6784648286492997,-0.21403902454695534,-0.03219545357412157,-0.48953759467938923,-1.4846709712334636,0,2024-05-18
-2.459974971716329,-0.18706902546178322,-0.6504670837030322,-0.1694306111485656,-0.27986042149033935,1.1088764693638518,-0.059489041473827914,-2.488846047448678,0,2024-05-19
1.5163809371015524,0.008244154368297701,0.5045990079792927,2.446729535939287,0.8787881734332363,-0.6838607475442231,-0.30687613320837326,-0.5750430252473878,1,2024-05-20
-1.4169425374401776,0.198974746318206,-1.3396222333727543,-1.0590760126855896,-0.2887768563464799,0.5674177371914608,-1.7779978992640038,0.11928721841990896,0,2024-05-21
0.09092353928239366,-0.9411870755037531,-0.7234050854715816,1.5913463118522435,-1.2697325164009352,-0.6535753014033131,0.4362446918506697,-0.42408282972649763,0,2024-05-22
0.21709323165297403,-0.18532379855657116,0.04314756043531425,0.24390052758494296,-0.49520156237894897,-0.8547067562732074,1.159881291182504,1.9525830317322743,0,2024-05-23
-0.948896412364311,-0.511563733387148,-0.709096704340893,0.988847743947779,-0.7689396544259324,1.3185396601223403,-0.7205747260081639,-1.2730629639331712,0,2024-05-24
1.5526330652518097,-1.3857659288928423,-0.8421366780316959,-0.31583611872902795,1.0736581428242278,0.7010813598134329,0.13713718469622133,-0.5971731746433261,1,2024-05-25
1.5493375292731906,0.1521727470893174,0.20474271351579082,1.1506154805974562,-1.4822637114879933,0.8663246264140422,-0.7114152735714356,-2.2716423021441594,0,2024-05-26
0.5514441742201724,-0.14379735061788712,-1.0547545113681958,-1.0004799923368475,-0.5022467431877911,2.3197454356440788,0.1721470052527265,1.1586375824916655,0,2024-05-27
-0.02949065983512278,-1.4638060610653376,0.04708143335100087,0.7809732410117367,0.9032548536237781,-0.008951248711249768,-0.2372230476833059,-0.5953876919923972,0,2024-05-28
0.1914368329353934,-0.795007354918746,-0.17105590713072644,0.24342829608457414,-0.8708868299127251,-0.024816525649866108,1.0638368063096284,-1.7989577297311503,0,2024-05-29
-1.095908012072798,-0.0870895118644255,0.44447721925355216,0.8845202159142173,0.3698194354944431,0.1373061173948238,-0.5776719471779345,-0.1643933004255367,0,2024-05-30
-0.23906375766291557,-2.8910531172795144,0.6903170099506187,-0.49909818542310425,0.016504239699042866,1.435377443074157,0.6132285031686442,1.453980292984221,1,2024-05-31
-0.104933146540351,0.1840033795223196,0.06859878468679302,0.4065741775410668,-0.3543574548890592,0.9446641288719726,-0.7387623059640078,1.9650953662994592,0,2024-06-01
-0.85223285110813,0.2667234800192818,-0.5618168469662292,-0.7977627418562769,-1.770946750919082,-0.8917473747705087,-0.5592284673306526,-0.24963355778662294,0,2024-06-02
0.8492148677365117,0.6488983790368213,0.9425195270048022,-0.3731510704534773,0.017354129987424197,-0.8227002821529317,0.08424814387074858,0.6230891591309238,0,2024-06-03
-1.4264813946196284,-0.5952780777072878,0.1311848012837274,-0.26247263396723963,-0.5325987259614234,0.37459700555638076,-1.6458389733411647,-0.4251234093921293,0,2024-06-04
-0.45341897630302874,-1.4227454158256407,-0.9459634401294506,-0.6198794011248575,0.2696120299309522,0.5066591826996635,-0.9039825739609321,-0.22397567200264915,0,2024-06-05
-2.2528778145576633,0.6282876139517186,0.10638638225991413,-0.5048955106787624,-1.469674133708219,0.4695716202825407,0.7983606952922173,-0.5217551062575136,0,2024-06-06
0.4968185042517295,-1.3749780708953703,-0.6787824166277422,-1.2362226887335503,0.5121094529997051,0.5495699618088906,-0.7061838926439203,1.5615853890624254,0,2024-06-07
0.742605474146113,0.5409468925568439,-2.5914104898795176,-0.13954786846461464,0.6478060495680394,-0.19079424778647694,-1.362717493319353,-0.7023910471961023,0,2024-06-08
0.6212923631879371,-0.6757044290005995,-1.0254215162793088,1.4334156435020546,1.391743998985449,0.6167078091292987,-1.4520446292712113,-2.021722669020034,1,2024-06-09
2.918086607753529,-1.012173115771161,-0.4454963658079022,2.8218058327562066,-0.4946727645102996,0.6446142727222288,0.05353202308946958,-1.1275578122225427,1,2024-06-10
0.9397910537615747,0.294337132762646,-0.524569286723177,-0.8499633154955464,-0.7071963025715745,-0.8945155516713033,-0.5830796731845451,-0.6168010700795171,0,2024-06-11
-0.9419906889401893,1.1222444797252245,-1.6049099452847393,-0.7700428937293875,0.8939294773013229,-1.2576853308550089,0.020955799930290557,0.16811098087465876,0,2024-06-12
2.6635402069942016,-0.15694003658212458,-0.4164688861441849,0.3215644817945845,-1.057163818425094,0.23690983588190015,-2.8116024431036193,-0.5680361029407878,1,2024-06-13
-0.920317973372787,-0.24573932215856534,0.3599312462243438,0.4869695276998484,-0.8683219041332237,-0.40914347483485897,-0.8294984302888277,0.1847446373309451,0,2024-06-14
0.7887385690491208,-1.6885155165865058,-1.206747604809421,-1.3022659276263946,-0.3181332231310178,-1.4396468204991146,-0.8122132653033028,0.20220164771852403,1,2024-06-15
0.743127624781519,0.8312080775049956,0.18970077987623235,-2.312988938403796,-1.1439827803103628,0.7744346688752405,0.7106504264010777,-0.37644421024002045,0,2024-06-16
-0.8797230187647848,0.07286035948578659,-2.093627668972574,0.24779682746825274,1.4315938533442443,0.4217723250129431,0.8347243510146337,0.6632369964271364,0,2024-06-17
1.3953486289845807,-0.27168429931368987,0.4380444439142681,1.323141586531358,0.9532621252622696,1.3947082344562427,0.6129384768536673,-0.9281455167320352,0,2024-06-18
0.35459371874683704,1.3083786867983478,-0.6336059452549976,1.4088200174221288,-2.180426572073181,-0.05345525181780231,-2.042025186752289,-1.021517511154882,0,2024-06-19
0.5709545906528738,-1.5674285456064463,-1.4074181062328703,-0.018315841223910154,-2.150517403293775,0.07559911286454603,0.7949405200798793,0.9259934912580224,1,2024-06-20
-0.6757329962602258,-0.5046134922660388,1.0406109372849124,1.3793742323402156,-0.6545595112810524,-1.4437316868666539,1.1469009690706797,0.05553250338308251,0,2024-06-21
1.302633372414052,0.004850193970214159,0.3966096930035555,-0.17863224180804418,0.49568495614420216,1.410636555061378,-0.8434693429395563,-2.8855370790093957,0,2024-06-22
-0.8609379626813217,-0.29554794632594844,0.8804450444022462,-1.4045462170984777,0.6793451546237795,0.6164923590393678,0.22575696524361016,-0.45262374463930666,0,2024-06-23
-1.7791593337319125,-2.436567829799006,0.24087615231252066,-0.14288350949593673,1.4078591918983487,0.8934694153849891,0.37087847747203906,0.5450255219217219,0,2024-06-24
1.4251269798221404,0.3493359315372888,0.2774449111234648,1.0244923412247962,0.2827812234723697,-0.2516172452457192,-0.464739686935225,1.4555389986073688,0,2024-06-25
-0.42672878693962035,-0.03049999539474243,-0.4532092645792961,0.12092043294737749,-1.07139812339892,-0.06152723405711292,0.0764339138252985,0.6686806863609452,0,2024-06-26
0.043370087085065075,1.0107652117340444,0.3518750778122726,-0.5746128002439027,0.41788204809747,0.3250678417643773,-0.8564238436861057,0.31582851956635827,0,2024-06-27
1.922756953662729,2.0398666486429455,-0.15390422222004313,0.04511605004273566,-1.1601325350478775,-0.7619270858199372,0.10404915057431743,1.0189382416588109,0,2024-06-28
1.136491348180061,-0.18789360779173045,-0.7086118540370934,0.3273114571448543,-0.8385175694914706,-0.7822859244886414,-0.18140740755927084,0.9998701826604885,0,2024-06-29
0.6327091159310891,0.3844726617823806,-0.2593825549257216,0.12999122283198183,-1.6091258327888418,1.992232238112107,0.21399937695550136,1.1368947137278531,0,2024-06-30
1.0699138289152976,0.253059921578063,-1.3440540068814735,0.2945779072507547,-0.9041075762652356,0.3362860175020343,1.8364844725250535,-1.1351230423728413,0,2024-07-01
-0.7275086904859002,0.16978710443323317,-0.09721507071721976,0.36925026891853546,-0.626065887606722,-0.6979999539812258,-1.1017235808201946,-0.09389767206059124,0,2024-07-02
0.7530885892411597,-0.13830846351337633,0.36731767457598313,1.0593813201567883,-0.5763037867971439,-1.4326085069286427,1.1339603877887916,-1.5063892834621568,0,2024-07-03
1.1099371147068495,0.38657673700049183,0.0523695590620998,0.12462490410135409,1.7696756959290387,-1.1869668765249528,0.049001365091831194,1.048997428731314,0,2024-07-04
0.7554222556786553,1.1281637354570375,0.4939512883700879,-0.15933706930325753,0.09621311300783286,0.31843208222509817,-0.029307963942180715,-0.6756855172524523,0,2024-07-05
-0.204134628884933,-0.8490647220501795,-0.3817090706407242,0.3509924531799046,0.3476930371319316,-0.9696103048703022,-2.152340241488751,-1.0181307211610489,0,2024-07-06
-3.747413858130894,1.9009285993789524,-0.039302083576603676,0.5834877651212929,0.15608838191684782,-1.0956958633353935,0.9291016471719428,1.7881744722756965,0,2024-07-07
0.5573025112293685,0.5062973817627888,-0.04403677561000594,-1.747539385677523,1.5836549735807708,-0.22267376549474005,-1.1974266552414994,-1.0853769874538257,0,2024-07-08
0.11487644431113753,0.30297852479414034,1.8490007773684016,1.1389952450369767,-0.9514961529134539,0.3463686954870665,-0.9827516303780188,-0.41204182163139974,0,2024-07-09
-0.3695536111318892,-2.2491291926832373,-1.3676312471312921,1.6886707389072542,0.7501569628160125,1.27085243891139,-0.3109298896244518,-0.01800336790952845,0,2024-07-10
0.7780986256334913,-0.010626304477535323,1.937264104365215,0.019270234649237952,-0.8549808186453142,-0.8352707584295572,-0.3645431016665786,-0.20105991331142092,0,2024-07-11
0.2657029799452037,-0.9758967174208256,-0.7970408213132134,0.6075134521815478,-0.13870232941502839,-0.712347031267629,-0.9036935606724088,1.1079613172670215,0,2024-07-12
0.20395574149744702,0.5743777793354622,-0.4055617908477523,-0.7441022533817392,0.49505604152287097,0.3542186351448031,1.4122522565251208,0.5815032528552923,0,2024-07-13
-1.4835909749556633,0.9555698241758496,0.20489535750561214,0.6666837198629183,-1.3502580358512775,-0.5009908699240213,0.6330335083547821,-1.0103418967943838,0,2024-07-14
-1.4593225538131527,1.1498805161182781,0.5051644123728729,-0.8555154274702824,-0.38655792065005506,0.8222853587220376,2.374033528810786,0.7670088402792614,0,2024-07-15
0.3705360273126207,-0.1664031559107753,-0.09766701555698494,0.17498462709112247,0.005687027381419953,-0.48363656407284156,-0.7741604400451901,-0.3047425153132797,0,2024-07-16
0.07605711276741685,-0.07459602306869756,0.15007686410842958,0.5699680844456754,0.5045055908280232,-1.3470425754069908,-0.8169986865249668,-0.5885840156679494,0,2024-07-17
0.13874089268518713,0.4371219827378645,1.313157551124251,-0.7912691701109659,-0.2240623792786931,-0.729672935853785,1.937788160768486,0.5569332805246332,0,2024-07-18
0.16626292710140902,-2.098066738858078,2.5123907267960712,-1.112026346610805,2.820002283575489,-1.571916337152366,-1.2900876355391202,0.39995395568578807,1,2024-07-19
0.41145641738933886,-0.4337622326099862,0.3384513464628853,-0.35006882624916474,1.8819725258705189,-0.5490219687968955,0.25985848783192333,0.10563063908317463,0,2024-07-20
0.036065663748993046,-0.5427803411799823,0.6234112799510435,-0.5688052769350516,-2.202256727412958,0.4625847987155744,-0.3197339509302644,-0.8738264613072915,0,2024-07-21
0.15777085965866533,0.5208156884507088,-0.16584550740992982,-0.32826174278824455,0.11790136530382048,0.033202547481838304,-0.27289845994144424,0.051682634499282294,0,2024-07-22
0.2561143548611664,-0.4573753771900325,1.579287963129456,-1.1040658459453214,0.5539395883629775,-0.13606401972618257,-1.426260759015956,-1.2337217784022751,0,2024-07-23
0.9294095438577271,0.7438940356701637,-0.17918976628353264,1.0773273819782065,0.34205399420771326,-1.2986140790865324,-0.6891260260695043,0.7172475116437519,0,2024-07-24
-0.5146888155437539,-0.19283469168964498,0.43808012626436416,-0.2759310820771087,1.3905729906697664,-0.7801985724616278,1.950588511109185,-0.3231545723493166,0,2024-07-25
0.7863962209204661,0.8552834422404088,-1.101721910044235,0.4353557493225412,-2.8607144563826674,-0.4079773030586285,0.15498962509417646,-0.12799511143434186,0,2024-07-26
0.6363833640258746,2.218335650064081,-2.701765166750245,-1.6315759101968617,-1.074573312591488,0.22674072567130818,1.507795173798126,0.6478236085781813,0,2024-07-27
0.1054020063216726,1.5580166069345391,2.183922154143585,-0.5930400957777425,1.5423742021849183,2.5071520066761894,-0.6318155170951534,-0.23612899651049543,0,2024-07-28
-0.4751117799426455,0.9471116813700508,0.992736914132017,1.588785245315411,1.214943196462109,-0.7075774742871205,0.13833195612320595,0.43160873129836475,0,2024-07-29
0.36913992682844693,1.1447263445904832,0.8441505399356091,-0.8830364289005832,2.285477051242271,0.9202004589073125,0.6515978779689692,-0.750086309409802,0,2024-07-30
0.863973015958661,-0.36593857867951285,-0.9862283322678862,0.27818945683037216,1.6548551161650302,-1.1771859851316508,0.6372465323289861,0.2359018403596343,1,2024-07-31
-1.0749775515259348,-0.7706276144525595,-1.677423718406881,2.0826684080592637,-1.2837321964418578,-1.0601310001250046,-0.1848086427213987,0.8762059639533174,0,2024-08-01
0.06214563047606366,-0.845936453682139,-0.2984991003261294,-0.008494358107302799,1.0348940816001009,-1.9969888198347063,0.0728872859844032,-1.8679125874296607,0,2024-08-02
0.06474409489591411,0.19575280465071715,0.05354412427187205,1.4979009913897758,-0.28277175506894775,-0.8083859748602453,1.0992530281119277,-0.49135458501635365,0,2024-08-03
-0.6612016541186913,1.4734012164388248,0.6515856296587492,-0.9025641024315858,0.20875133730092743,1.017454227251416,0.32714205315645895,0.05245618257171738,0,2024-08-04
-0.6192878537663192,-0.7293802963330938,-0.051223082917034105,-0.48510302218618623,0.05604234938456724,-0.05035863056625436,-1.7653542543090306,-0.2141148120956871,0,2024-08-05
-1.5511470339356546,0.4686668777030016,1.2054196624427003,-0.06718144745771651,-0.4666944420736112,1.1912802585149889,-0.6025856809683023,0.4143198857802403,0,2024-08-06
-1.1031274250824579,-1.2472068573278274,0.28173339735232444,-0.5479006034864857,-0.5034499408963399,-0.5286804537085105,-1.098809056923756,1.0905443234634342,0,2024-08-07
-1.5374765897606952,-1.2163479339277135,0.24466466578265814,0.3349362007928563,0.7749850543322138,1.0364950943234632,-1.687122825568489,0.042981998762784086,0,2024-08-08
-0.6165721894526773,0.8576227710968178,1.0887795790606236,-1.7830581740186253,-0.5443142950432014,-0.5858994951861958,0.814779867479122,0.4078068838983926,0,2024-08-09
-0.5599863050754036,-0.6867251782740501,-0.7221182346151321,-1.068459262086979,0.2156724912943991,0.8563734446828486,1.07852329823403,0.35949373051051337,0,2024-08-10
-0.5412852313465746,-0.7154258534608295,0.31965165149268226,1.2999619894394743,0.48515578041197205,1.6035850397794476,-0.764046560901186,0.9428216094618537,0,2024-08-11
0.3718430276974943,1.9754519404040212,-0.6104310636433148,0.11105892449449893,-0.5332779668366291,-0.25951415430531366,-0.3100062812639586,0.7035905436514388,0,2024-08-12
-0.18756666459904553,0.06893927563551734,-0.7288667273944223,0.4781914775965672,-0.28537297063652617,-1.3811684119737142,1.9878994958323954,1.4513910964315806,0,2024-08-13
-0.7289127364193442,-0.04447952470913964,1.4355070022312513,1.672245677697674,1.151042280089537,1.8062125629767765,-0.14983356214244975,1.0486747449743075,0,2024-08-14
-0.7218830521001072,-0.22960573239930604,1.0205030065403171,-1.7548006498839424,-1.6998964155753524,-0.9013638851603812,-0.07838310595537647,-0.6351489423512819,0,2024-08-15
-1.1315102415058964,0.4153403408572299,0.4699934554338308,-2.9945119163716942,-0.6726609211399133,-0.5969051748752707,0.32065120876586717,0.22789132002812337,0,2024-08-16
-0.19616809805936436,-0.7078271632355606,1.2350880298141678,1.7599836673707985,-1.3385229332438164,-0.3419744358604352,1.3117027211523555,0.9278131735916841,0,2024-08-17
-0.21405467782721238,0.05731671801949117,0.31212879734626836,-1.3814795604555417,0.21703580306282774,0.8833275909494036,0.5119480582849509,0.1028449537528237,0,2024-08-18
1.6229581277551763,1.0867023391771764,1.2796350653018915,0.06721363029188117,2.703854924780092,0.6580265198144635,1.0825132251356286,-2.7815458155683404,0,2024-08-19
1.5341516356434346,-0.3206394476509915,-0.8951043023762608,-1.6408577505168473,-1.2288033406572383,0.6240457121719958,-0.9550745752506938,1.749876576986469,1,2024-08-20
1.4779019986367137,-2.378838353497473,-0.2021018887837367,-2.571780414228802,1.226725588818872,-0.30468216219615174,0.8739441900403317,0.4064907006679976,1,2024-08-21
2.079242401316793,-0.6549099551873528,0.321849368878105,-0.09550635290272264,1.420379044263513,-0.22396138302282687,-0.07255905787535097,0.2606285181282792,1,2024-08-22
-1.217068182124945,0.7680775597614498,-1.0518300796807392,0.4458057920350805,-2.13789968976954,0.7917486822689792,-0.7902164127998313,0.2953891654743482,0,2024-08-23
0.6729842365862546,1.1208966433265681,-0.7202917211900519,-0.8454557450707282,-1.3421459150807893,1.636718891449342,0.566858772846912,-0.8349379579166155,0,2024-08-24
0.7610530704985188,0.3635742534832395,-1.2824317040028994,-2.561340707648754,-0.02115482452595841,-1.2766757304503278,2.5539639043574343,-0.0009464462956513696,0,2024-08-25
0.4762159126193307,1.4274158986756658,0.6150636361274728,0.283413389509515,-0.9875503618445747,1.2264057363354166,0.2332496014248266,-0.37555787035814314,0,2024-08-26
2.126671163475947,-1.039619098628936,-0.5123427552333044,1.8744216213156284,0.2781459034237133,0.9404642331600294,1.0491090143168007,-0.8434545115848835,1,2024-08-27
2.537875242864073,1.2788642957648397,0.21225110579350115,-1.7548298464679006,1.3662219167818637,0.6385973169317701,-0.24600081609398639,0.11846870989766486,1,2024-08-28
0.9793666281583508,0.2097697572153775,0.46455863966125616,0.7381621830746797,0.704511578187345,-0.7170022570327513,-1.5323687725509993,0.37911736150628617,0,2024-08-29
0.6531462003019989,0.6759668578029521,-0.20915483135211257,0.2506483902105507,-0.19677844503556566,0.08193874275978923,0.5648522788254227,1.0720440550309642,0,2024-08-30
-1.122398091907236,-2.8604137173557698,-0.030012153687019445,-1.8767753696314322,0.5673499109803498,0.37415630095729063,-0.9890775193110645,0.26341208670266636,0,2024-08-31
-1.1203587627708598,0.8924836121266736,0.08310661700089075,0.9834132195541692,0.35181841117916596,-0.653455532576329,-0.20523854207638437,-0.1532755149461725,0,2024-09-01
0.7002230449724777,0.23295831418070276,0.36761145437494913,0.15810760970933274,-1.2673115690042591,1.1697634405262325,1.9811729385009582,0.5648880630272435,0,2024-09-02
-0.07563268871827408,1.9083210732152092,1.2729664099629354,-0.16707456988098693,-0.6020591468517205,-0.47911842490392376,-1.781450965624322,1.0524195834674703,0,2024-09-03
-1.3305606771538236,0.1881973925154646,-1.1369062767479903,1.251503641189277,0.46782901142977495,1.5316165343487531,0.37895214627326024,0.970395961558492,0,2024-09-04
-0.12402422162053982,-0.9733060415746994,0.03679391940245659,0.007553685386204577,-0.06848161245964923,-1.5027680589304355,0.5339395666648511,-0.22886174833142314,0,2024-09-05
0.36000781414113,-0.8032460022912944,-1.2350603639238302,1.2548771490076347,0.32247222190615993,-1.377917415063535,0.34161894344501015,0.08978458356625867,1,2024-09-06
0.935926913451806,0.4056108231929618,1.3770178689276618,2.59623101430406,0.8900828923820013,-1.8996398786806385,-0.5655876928379443,-0.2840748590285002,0,2024-09-07
-0.1076794124259906,0.30779728812521984,-1.8572158845502906,0.19424780258178398,-2.4191124265836947,0.7088999810022827,0.20789289479511386,2.1311102408956732,0,2024-09-08
-0.26921723521338187,-0.6341375680919105,0.11253902118627124,0.4213662609808784,1.4817062507650776,-0.9095228388908043,-0.9314625423796051,0.9869927082980299,0,2024-09-09
0.006207818112538383,-1.06801321149255,-0.46255951198877726,-0.5880948824151645,-1.907695775147005,-0.8265852040633244,1.5705034815304137,1.2217308150984396,0,2024-09-10
0.17298339739253452,1.5160211842199978,-0.6182140073476411,1.521279677194123,0.011651810033554269,0.9071720553058381,0.18308379676970188,-0.973779600855404,0,2024-09-11
-1.1631332197322344,-0.23867457101631356,0.6519662282500848,-1.239553022748015,0.1530971891267018,1.7320472606446993,1.3380045177606785,0.37602028705179064,0,2024-09-12
0.8333084129470533,-0.06851669764201021,0.4713815859273402,-0.5207360751854535,-0.1463110146870772,-0.7598129164651273,-0.26805177732325064,1.4045989376430081,1,2024-09-13
2.1903262723966934,-0.5333465801992939,-0.9954629260121889,-0.06317465081042184,0.18772497760603463,1.3592904368933283,0.8910397257322332,-1.2412747481844664,1,2024-09-14
0.8142003994377371,1.398373813408129,0.40385207282234836,-0.18274388924827475,-0.5629430140518451,0.5340115380579217,0.7133666104825742,-0.08657056472402704,0,2024-09-15
-1.4481976373557106,1.1154592762442732,0.23068121797973076,-0.7133865035946831,-0.7312132820593665,-0.020789848008433604,-1.1200566339911675,-1.9001189476833755,0,2024-09-16
0.09450851545591335,-1.0216437397664466,-0.787794581807589,0.8771891582590196,-0.10556112024625251,-1.2058873675942803,1.6085738156162228,3.0101336108827033,0,2024-09-17
-1.765628163485951,-0.07658060396661255,-1.4896894523952025,-0.31064155625214135,0.17132666827098722,-1.4205417847205422,2.7275192642565997,0.24684213617378775,0,2024-09-18
-1.829211865336894,-0.9221110255192708,0.725956676091478,-2.152274325236218,-0.6901950358185609,0.05345985168876675,1.0903152638364946,-0.4906479943832262,0,2024-09-19
0.6592513054303655,1.8543480656678488,0.6308120112260036,1.1602471974533854,0.31650698800994664,0.1231719635591978,-1.3184856936149416,0.9090805514712788,0,2024-09-20
0.07764908350698212,0.4432768946099571,0.4556151701886784,1.7306020389260361,-0.8692461467050205,-0.702307900584045,-0.8155897599283349,-0.3746450144480295,0,2024-09-21
-0.6871101922447804,-0.28021632506910404,-0.5747961043919765,-0.5582602997254152,-0.5931481913529302,-1.0028803096692454,-2.2008802077676526,0.6683451596350761,0,2024-09-22
-2.0874470808711685,-0.33749793955049445,1.1377338739693768,1.3578110704799,-0.24763184638039992,-1.3286373896007257,-0.7848578417103551,-0.4400832320991102,0,2024-09-23
-1.2689320356978226,0.5441686979870537,3.333527477827911,-0.5335020121747521,0.43878931374995017,0.3448650002371088,1.7982965102916046,1.1641093478981726,0,2024-09-24
0.16219609552294484,-0.24603020599532802,0.10010368393934489,-0.9939084558288344,-0.3196379844544097,0.6650089988579612,1.060513871260821,-0.6302624244702447,0,2024-09-25
0.031893730967603756,1.5426600628465803,0.46416650031305184,-0.92193946066513,0.382146455807754,0.7098433117983471,-0.9377673828173982,0.1734903944482716,0,2024-09-26
0.6897000916003353,-0.9262005169008077,-0.865527782057582,1.6372409366367509,1.6019569474496334,0.6041955049042913,-1.2389226780971216,-0.9862300198744371,1,2024-09-27
1.5233949195362835,-1.234654644820746,-0.8570406212545506,1.3675861324877827,-0.48728120553041376,-0.5543871901132406,-0.6236343835065811,0.19023146157562304,1,2024-09-28
-0.3392565222970098,1.4104830474006034,1.6702226553591888,0.6952386104092672,1.290539513450874,1.5909133355572727,1.1093973672627608,-0.08888808548000354,0,2024-09-29
0.4689671560440846,-0.4256927724283938,2.1789507785855693,-1.011713593480375,-1.334045204079307,-1.0192407550206906,0.5185582058869317,-1.2277486035209535,0,2024-09-30
-0.1377984474392505,1.419869844138324,-0.3089470247982466,0.7995716997293866,0.6350180983637114,0.5596121833751375,1.5204586134368634,1.825138817680667,0,2024-10-01
-0.49653963524861305,0.8798701074440789,-0.7133129565432375,-1.086082609314768,-0.20540704483951389,-0.4123599926858215,-0.6171422516050069,-0.17193007637758206,0,2024-10-02
-0.24479074568819928,-1.3580920288226,-0.9773985932468513,0.6253695460898387,2.0963944349468826,-1.1280540268487975,0.1496143578212214,0.017575797535603274,0,2024-10-03
0.9607532109198884,-0.6095042024115644,-0.6711981265798557,-0.5455653996910653,-0.5218153706266964,-0.6574882427388119,-0.6865071197992543,0.9581067958482364,1,2024-10-04
-1.0284189699196866,0.04931658966041895,-0.01734814927696818,-0.5695468878583188,-0.8460943918492706,0.5362816292279879,-0.1709666297722393,-0.925659549855959,0,2024-10-05
1.1410382399862227,-0.22044175750654305,-1.3043190661285764,-0.5228529702168275,1.0395030820490796,1.078756043948336,-0.2841637214283585,-1.0553812214526879,1,2024-10-06
1.477287201097856,0.30287780108953066,-0.7739116100324449,-2.0730768997038207,0.39714579579994713,0.3139693733862026,-0.26980191463521586,-0.6313314646179718,0,2024-10-07
0.03573287236366102,-0.6124948903477903,0.8630345058723727,-1.75562121307029,0.061430841596432334,-2.9442551184810326,0.6159134120131263,1.0908983741192437,0,2024-10-08
0.25491824864788426,-0.08492884991494587,-0.2416671066713922,-0.15009091258150994,-2.430418601475513,0.7265791285844794,-0.4461029246591431,-0.9504907878087607,0,2024-10-09
-1.4117993069839363,1.001485060657655,-0.8517345190590775,-1.0746302873871867,0.37904242297069507,-2.135704125862408,-0.11568646078853642,2.620046380626999,0,2024-10-10
2.3605345504545685,1.3329177364417273,-1.242544503423729,0.8221478172081366,-0.12467921329844771,1.9198032731845818,-0.8622016397109146,0.26982710973295493,1,2024-10-11
0.9788856990695215,-0.7900442438460281,0.979384867376949,1.174723208239912,0.06682442220046407,0.20873344637955796,1.234202689522511,0.4111324160512471,0,2024-10-12
0.17227586339092327,-0.23197272643142008,-1.1204472313852802,-1.5597607728241207,-0.7989088653538244,0.13905219430694754,1.7528738813723732,0.513560502669001,0,2024-10-13
0.05743760338489925,-0.12678716199855664,-0.22448416914560473,-1.5076204498568893,1.2845199689042452,0.99715683164833,1.987125257707708,-0.5894794194169831,0,2024-10-14
0.4509718685579212,-1.349853573564747,0.9088689935784281,-0.1699884455458474,-0.03630969957981448,-0.2911322467657876,0.8465545430728838,0.006429151255285084,1,2024-10-15
-0.6512359351318031,0.9379916393325541,0.4513330664643929,1.9442423811571419,-0.26892763277056636,-0.2654036625703195,-0.0030308506417187804,-0.562773078827591,0,2024-10-16
0.28326176429064065,0.5647037264108458,0.20511967437994966,-0.78989412682202,-1.5831668068534752,-0.3896901932607723,-0.89732379079819,-0.05227558515555545,0,2024-10-17
-0.9235769345742476,0.5213868695257937,0.21466872141284254,0.4937701127079212,-0.22430619652254105,0.1212833933762503,-1.0192958102470264,-0.19338126562481758,0,2024-10-18
0.4973195927974818,-0.1102802596889178,-1.0246528065784106,-1.6587201006978076,-1.1213157619954537,0.07575321439376097,-0.04301462967551827,1.4626907553924473,0,2024-10-19
-0.6782132702649215,0.8703330993429881,-0.7988428856300311,-0.9175958781223588,1.338493027393944,0.2209812326087593,-1.2057479292745956,0.2426737087157535,0,2024-10-20
0.8955183287181515,0.9634146676942199,-0.5451371822434373,0.47172534012906314,0.21840408345673945,-3.3374634786458524,0.797343290349476,0.06684110851092998,0,2024-10-21
-0.1203691520451698,1.1600283241195102,-2.934598961477972,-0.25689979886376235,-0.6358392761232704,-0.1022194827995627,0.28745785828473525,-0.11662014545268981,0,2024-10-22
0.2687460811883316,-0.1700828303773144,-0.497010323869272,0.48335526038764726,-0.21362043254995394,-1.6057054700000515,-1.3058042385558934,-0.6952155456894761,0,2024-10-23
2.9608881101764783,0.349374564674646,-0.18254933417313324,0.10641426778323279,1.419020076053355,2.72286088356796,-0.1798381245921986,-0.879025393087423,1,2024-10-24
0.8042331372410845,-0.38878543317591246,-0.16592126557917164,-0.03312023249229399,0.10794390631864904,0.7897242727217958,0.8869300268900677,-0.17327969194996096,1,2024-10-25
0.2678004174720013,-0.3229373590147265,-0.20569792426976982,-0.05546011777695446,-0.04536055427633594,0.925574655998471,1.1938062581852387,1.2750275585434403,0,2024-10-26
0.04438856147514996,0.9814730376228509,0.11971081254884713,1.3500778206780022,1.824465171920037,0.4677760794751283,0.2589211126047344,0.528656815757353,0,2024-10-27
-1.0391621180474284,0.05373803051943737,0.18522650759750423,-0.08780291063787572,0.3381663104974765,0.6645005602408195,0.680497539364237,-0.5753241847902404,0,2024-10-28
1.084221138602485,-0.15369193219670918,1.5417822921593327,0.8373040454211954,0.8721752140616437,-0.9068065621842835,0.3705974575674303,-0.7373681152401184,0,2024-10-29
1.602339182272055,0.603208931600843,0.07257396826561963,-0.29112962964182454,-0.38441565945075584,0.782014665352067,-0.4016303379348192,-0.2653071116756957,0,2024-10-30
0.06435512082695703,0.6655021469742209,0.7674407846210328,0.06551430629227176,-0.41369290459456637,0.8516889716035109,0.20180240464422033,1.057431200306845,0,2024-10-31
1.6767515280053136,-0.7542898175660396,-0.6706247709760051,-1.100476918091784,0.8108706599142981,0.17409397651116473,0.17911717149756992,1.0345147742155538,1,2024-11-01
-0.11227777000217626,-0.647699064087604,0.24561173491401989,-2.126951385480923,-0.08062439579551284,0.7688842932399729,-0.5252328816544566,-0.35723921561200256,0,2024-11-02
-1.7730543499604152,0.7122996742102422,0.21157528459929187,-0.4552946625810095,0.3258392523037953,1.058730340621421,0.30294732069676733,-0.574867147707116,0,2024-11-03
-0.6532382889017887,0.5260640789798678,-0.30266632586977504,0.06467989315691468,-0.09798695278309434,0.010135079178814359,0.03596676226231853,0.5136875736750159,0,2024-11-04
-1.0569923297456651,-0.20958742468890293,-1.7750431541565337,-0.5122758364183417,-0.033074633368885775,-1.1247013968444568,0.4382333506293977,-0.7295893088527353,0,2024-11-05
-0.27454002363426705,1.1958557584804173,-1.412285437447734,0.5066908539607432,-0.16655559495434868,0.8196314270996937,0.0706564472169395,-0.2189024088265432,0,2024-11-06
0.6269808108517896,-0.09911780100864995,0.3738734009582084,-0.8368462614381602,-1.3482635271597336,1.5279698082502655,0.04897956615841731,1.6185912740656965,0,2024-11-07
-0.9289735715716899,-1.9313643622252084,-0.12346009946555137,-1.43233209396002,1.2708173242631555,-1.1980624742754051,-1.7415753111756902,-0.6040530571954006,0,2024-11-08
-0.08024511048423202,-0.7958933274185833,-0.31631502209162976,-1.5145576744689049,-0.6325932705731211,1.1663399707673148,2.400921882592945,0.14209260274247915,0,2024-11-09
0.19935209435683685,-1.474751991468161,-0.7458054668063132,0.6131230502552889,-1.2298743464538104,0.2604708775114748,0.7771042910902466,0.009546938252445182,1,2024-11-10
-0.7330282419795471,1.1456082754900438,0.020159046299259024,-0.8716678030521654,0.04716907430675861,0.6169192038706057,0.49448169007255244,0.9287833582058673,0,2024-11-11
-0.909319094235023,0.5052123157355908,0.5016926952281116,-0.03916429777294635,-0.6896908428380552,0.8481359719524544,1.8148620695455207,0.26954865796973715,0,2024-11-12
0.0871828109314621,0.11870758448221372,1.7854798434391734,-1.4622160591042017,1.2276955822400384,-1.062470114321765,1.0530652303599242,-1.3749066863848076,0,2024-11-13
0.8723696456145394,-2.3175886814462214,-0.07743428772274395,-0.9203149236510856,0.6071325736472193,0.2935590242134626,0.5379978808497324,-1.015371616593883,1,2024-11-14
-0.6032280738915371,-1.477248526391871,-0.23606549983255928,-0.0789989275118224,-0.6202926147256854,1.0245336877983822,0.7168717907546467,0.5764588200749953,0,2024-11-15
-0.7513916337971243,-0.15074206519719055,0.2112587405263616,1.018093172651156,-0.9182757246312648,1.428463783571573,1.7227494384346744,-0.03579018784225479,0,2024-11-16
-0.14125333972420162,-1.7802076247736232,1.1027011502332074,-1.1317931337465792,0.6100202069702158,0.876208611830798,0.32534202466413353,-0.4595620587292488,0,2024-11-17
0.28994861063685873,0.9417946814475222,2.2428103134060917,-1.5182936158727487,-0.7293506773296742,-0.9323636622637287,-1.277818364515765,-1.3180228244496077,0,2024-11-18
-0.5430168538750584,-0.10295261320370766,0.5037863397494077,-0.08220610875930244,-1.4033717341125596,0.20683351519732732,-1.4375307354929026,0.2789350114815888,0,2024-11-19
-0.33414777260414413,-0.14311214493607377,-1.4859352116757343,0.08172901200670094,-1.694622434750261,-0.24631315922055488,1.4410176789328162,-0.43528363986559626,0,2024-11-20
-0.23126854919941442,-0.06341013648442359,-0.02559851774188496,-0.5074327324483839,0.6731040845200342,0.06592568154798757,-0.1327378508457761,0.7075546775608477,0,2024-11-21
-1.085791594388391,-0.9501493546308207,-1.1810866875861858,1.144231498231726,-1.5945741540800162,1.1163979126135928,0.6004046965240396,0.3331120607186537,0,2024-11-22
-0.1775371091378231,-1.0431549250083614,-1.0084985965778217,-1.7947033794755254,-1.213729510312866,-1.3952248205734052,-0.021104492569580136,-0.8792947171639133,0,2024-11-23
-0.5600478028385394,-1.8986527880993846,1.7573555529139764,-0.9007178198085762,0.6550528195964608,0.5261332486327758,0.5098944039580405,-1.233729366818323,0,2024-11-24
1.5833891631166686,0.023475250803674515,-0.39215075618008727,-0.07743796136700386,0.7693355407066151,0.4499321165760159,-0.7778572807168713,-0.5390374488963046,1,2024-11-25
-0.5173224351644886,0.40625862159256027,-0.7566437754683412,-0.9553292811414756,-1.2052433323666096,-0.9709203296150107,0.5312787446802612,0.372678015426605,0,2024-11-26
0.4571110021156088,-0.23760239509842612,1.325096442754189,0.2562395533838107,-0.6467127212487034,1.1324122429183605,-2.1988617502787866,0.7016107781052375,0,2024-11-27
0.3795188412667755,-0.28253046156544825,0.037591328230370646,-0.07524642739132062,0.9384269561395667,-0.5850189479038123,-0.21163043584156171,-1.900535757775727,0,2024-11-28
-1.118032120720612,-0.9400888644327094,-1.1685698340586532,-0.32972313919672785,0.17408511853683248,0.0472839270298764,-1.2879267574976145,1.3586922739611302,0,2024-11-29
-1.2489496872883699,0.2506857073851182,0.02274190318366435,2.330480606743355,-0.49933898862753695,-2.5976169699300424,0.06346422327294911,0.2669365484460492,0,2024-11-30
-0.44548563022091037,-2.45140927594481,-1.4277487123525276,-1.072352052610195,0.08080800911748172,1.1257720249093999,0.15197184116481505,-0.3136384629563048,0,2024-12-01
0.6625741171223004,-1.1044465871316536,-0.8914127215477501,-0.3433891950003987,0.3808175689544122,-0.2807130332681498,-0.09632073908610117,-1.9356203554890703,0,2024-12-02
-0.5732393121482832,-0.6584149213554794,0.15359735169588723,0.40857053553135425,-1.1375798900908518,-0.31426538948605987,0.2039845305058715,-1.0182499876351667,0,2024-12-03
-0.656154410527188,-0.5084874892739071,-2.5747563356927987,-0.8333110067581733,-1.053150109792603,1.4685368605321558,-1.7007947257700735,1.1539728468450474,0,2024-12-04
-2.900220739742524,0.21791100088633442,0.6826490229445911,0.05466490614810092,1.0769491098028954,-1.9392314457875544,-1.0214269175399322,0.06753483913625993,0,2024-12-05
-0.39683889220352336,-0.19240587446072388,0.22397888547359013,0.7738501213678601,1.7180608946700189,0.875273975795943,-0.1642025344716576,0.09742238762569332,0,2024-12-06
0.31247888349147446,0.15546812688940018,0.8106460038241842,0.13576281415114175,0.8698304792562911,1.062719330546325,0.42992416346318485,-0.33538745933686387,0,2024-12-07
0.4446872259759249,1.2457733043014363,-0.41721236033377,0.662049827378124,-0.22338476751307107,-1.9993410124963167,0.3037524770028118,-0.4897563184532903,0,2024-12-08
0.4291922627412288,1.3721024908965929,0.39516757154144666,-0.455833805204864,-0.7144174731464604,0.26676204117016833,-1.660262223641732,-0.32854472615934927,0,2024-12-09
-0.3278444837375698,0.6476078774360021,-1.0105206217683278,-0.3418007243393728,0.024341127981391646,-0.38154352651853746,1.3370958743794952,0.8815817670371398,0,2024-12-10
-0.22715782920021105,1.2486016031833487,-0.9452960236484955,1.8430162876911231,1.017602268209512,-1.0552481151510409,-0.07249588507119793,0.8506757910735714,0,2024-12-11
0.8322762540710773,1.7296417840546479,0.07970391833056154,0.3941319675101424,1.2262459657048523,-1.2969631181816588,1.6491102768147454,0.6332831795628473,0,2024-12-12
-0.1357108845066528,0.37042034901979143,0.004689356024595585,0.8876230993753821,-0.0421651165863194,0.7308981221516639,0.7133597384066946,-0.23038576626066173,0,2024-12-13
-2.303043331597548,-1.3983025399548592,-0.031172716690989418,-0.7317840155818423,0.36883798340674434,1.1801521356619011,1.1883652179766053,0.40190155042414855,0,2024-12-14
1.0200096809211507,1.0052793828357693,1.3272771016176244,-0.29677366217757195,-1.4750008242006671,-1.1278187191632625,0.5627437772401865,1.5508689399308833,0,2024-12-15
-1.077680461446361,-0.9949166203726277,-0.2941352907222705,1.086634828538069,-0.16737469069975386,-0.9510501225955604,-0.42761824599356746,0.876657636641345,0,2024-12-16
1.3752888764396984,1.861854311380185,0.4282016486913855,0.014957860485069523,1.4292987998862863,0.8317561285415939,-0.2289136607885702,1.3605895604300924,0,2024-12-17
1.6941469685190245,1.7250455175235004,0.3234285005996076,-1.3195040649227463,-0.17164017173349594,2.442745129963781,0.8992393317528635,-1.3568951512718288,0,2024-12-18
0.7624396753582462,-0.5182262596725409,0.13811497199712358,-0.9760283784317998,0.42560034175188427,-1.5668540147092527,-0.3264971590577786,-1.930770597788905,1,2024-12-19
0.9041157010548843,-1.0997824506846166,0.3922197531666592,-0.14349583978251332,0.8659552496218614,-1.4713506493648787,-1.8661211752868867,0.82002933758066,1,2024-12-20
1.8577986996740437,-0.6886564851002086,-1.7493192671534201,1.4943391085756585,0.7868541259859919,-1.097952487044478,0.02562735933714848,-0.11779008188159022,1,2024-12-21
-1.1021243057016483,-0.06508111482684045,-0.5726969238338971,0.459332799880003,0.06693648280627325,-1.0823373976148758,0.2666319979724085,-3.5616366196252436,0,2024-12-22
0.25385183791912785,1.2812645994502474,1.0822697717148417,-0.8366900049053847,-0.5919931003393268,1.182538748427133,0.4745175828997772,0.7814224208926434,0,2024-12-23
0.23906613529920237,-1.235428121415525,-0.31202505983384726,-0.09031115724464604,-2.192980873734309,-1.0388733180709928,0.7219653377185621,1.129404601586107,0,2024-12-24
-0.9671096644883797,0.8819012157493104,0.678122102601484,-0.007155448749640681,-1.1900866989084307,2.2801535790335956,2.020739305989461,0.3537675072291184,0,2024-12-25
2.0118124577499223,-2.069656841450476,0.4523111976070518,-1.744562364493421,-0.34001969472197463,0.47648646746032547,-1.4702779052765713,0.16958322361438533,1,2024-12-26
-0.5806933840648487,1.2136981128932969,-3.058795459220451,-0.10331462369784107,0.6841610944245292,1.046104773079736,1.7880693672986676,-1.493080639468357,0,2024-12-27
-0.7312463047964585,-0.06196326538175875,-1.3275073858941246,-0.4198743024497431,0.1731407813517773,0.6480755016334763,0.7386502806139303,1.1093292069894267,0,2024-12-28
0.26771424864111976,0.19974366116359193,-0.6835918826315809,-0.21996149789665898,1.1116193862515924,-1.0508749112617208,0.01159284338541802,2.5492110980628597,0,2024-12-29
1.031117598320603,-0.1061260833173775,-0.6991057274594481,-0.9639795742507569,-1.248550232431555,-1.4223719774461603,-1.3289320006616159,2.620690938524276,0,2024-12-30
-0.6010465330455554,0.9357416219144336,-0.4675046558203442,0.3065562729187717,-1.8071367309963196,0.9749462103902182,0.09229687712878523,0.07544264526327202,0,2024-12-31
-0.599567291867129,0.3713127340022489,-0.45076228009329933,-0.48129462197585904,0.5688345037921255,1.2569387566832753,0.6181807650459429,0.18439246409009297,0,2025-01-01
0.5041091112768987,1.6879348961254814,-0.8334712174100903,-0.8410524118754007,1.7468248856138893,0.45195360358905645,-0.023382976879462752,0.8190338454822327,0,2025-01-02
-1.4256144995058972,-1.7762514248647572,-0.6855020838520128,1.7858759971463543,0.16590053308391545,0.014812987883597554,-0.44757798542237665,-1.1171492962430476,0,2025-01-03
-0.7725856157110249,-0.9050717651972533,-1.9720149352559047,-0.44165731004464104,-0.5777606330409905,0.11470422161748657,-0.5832410793953205,-0.5060953528274786,0,2025-01-04
-0.838235133207386,-1.3460252851356467,1.9162152760206508,-1.432938685000387,0.853612442117849,0.2416341443640634,-0.7785645866463095,0.7396971449142927,0,2025-01-05
-0.43433427047123907,0.7177818645688048,1.3666732448550851,1.1538425423633785,1.3748501599674956,-1.375992063680648,0.6550112192374018,0.3196225426401634,0,2025-01-06
-0.14226639994079493,-1.687578142226891,0.85185324346047,1.3449758695494347,-1.242581517617515,0.07684388908365283,0.5849599322987387,-0.4973484117980104,0,2025-01-07
1.8442084273726254,2.4310237402665624,-0.10695853710657512,-1.032460975352698,-0.37251624477881423,0.016496362252139636,0.9700895891487157,-0.055135334502522754,0,2025-01-08
0.9073609233283382,0.09181969740981713,-0.934220217225949,-0.5010008792219478,0.9764179492032167,-1.8155674002004056,-0.7632226611721982,-1.1764727481003585,0,2025-01-09
0.022398215645577008,1.2219020805456717,2.4109119411273694,-0.24751702216954816,0.2163634087805058,-2.7611059889734606,1.347063120093503,-0.353737169674164,0,2025-01-10
-0.22470189080021868,-0.96633046193759,-0.9667263099014507,-0.4720469976956833,-0.8244958877408927,-0.25254832690822404,2.492392230684149,1.1637864738087083,0,2025-01-11
0.8743512655863797,0.19632501834577373,1.4047424499750696,-1.455393313440396,-0.32628159470475293,-2.094508364993648,0.11009215367432747,-0.5925562904265751,0,2025-01-12
0.42839992881418004,0.6242483831223093,0.2832584290178539,-1.1510724408449737,-0.9106280677796206,-2.409629469049903,1.1558163776151924,-0.691695597807747,0,2025-01-13
0.8912089562679866,-0.7063390441048022,-0.937272366934039,2.067064200923893,-1.4857605372859597,-1.7750365930975849,-1.3118114433807218,-0.3907096600477132,0,2025-01-14
1.380975078688279,-0.22776088182381646,-0.8427697934625954,-0.6826453299496703,0.2837470828572827,0.20371206859955132,2.3886423384434203,-1.1595347170859136,1,2025-01-15
-1.0081849081838261,1.5573786115139585,-0.44726107945760873,-0.6058057800539739,-1.320775530918695,-0.04148495132197117,0.6376148269996846,0.7076368299845942,0,2025-01-16
-2.25285495882216,1.266394550546226,-0.6517272638277664,0.6989960299210985,-0.1497292397518104,0.0858761249960289,1.2418995992411495,-1.5078466723193056,0,2025-01-17
-0.02180249422278157,0.5789632304188695,-1.441596384952614,-0.5556194368623505,-0.9640930071281326,1.7549001916721725,0.30280821274163205,-0.9047683967687143,0,2025-01-18
0.07946136983918599,1.9713634474361386,0.39645606704393516,-0.746355461458234,0.39798813274394845,0.5427476112192069,-1.5732053163827027,0.28547146116127115,0,2025-01-19
0.2867788589330179,-1.9458009982242521,-0.9461854651927827,-1.1239118351779855,-0.3917337303309704,1.597944992961826,0.5027466533724363,-1.9767612526086515,1,2025-01-20
-0.5988237649112302,0.2912334661918878,0.7345473575401831,0.4546086555500298,-0.29572828560233216,0.20162246271566608,0.002212349368712672,1.559227402778793,0,2025-01-21
-0.23262027971067567,-0.3813695736548731,-0.20678628130899424,0.1256742649604506,-1.5768375788559932,1.10851178562567,0.9314058913475114,1.3709927370042072,0,2025-01-22
0.5587366976509724,1.4237354863531166,0.11388828921990561,1.0418549324349864,0.18992272520112172,1.6254070249141048,-0.8283595280655539,0.08390922655205682,0,2025-01-23
0.612558460106959,1.109873081113947,0.0872235816434068,-0.5055204660627365,-0.4818004328634125,2.057879831990622,-3.0202075486490565,1.2877241487439015,0,2025-01-24
1.330978842879996,1.1694408117065498,-0.416437694422076,1.2232284502198056,-0.8427282400322443,-0.22189661783408687,-0.06455733967109219,0.3437607378166423,0,2025-01-25
-2.166279414080061,-0.5968783814731936,-0.12640426241100935,0.07301154745189649,0.3672309909809748,-1.2396028270979411,-0.3282773315836761,0.6826007320164174,0,2025-01-26
-1.6486584858234326,0.561565772768342,0.14400949016269118,-0.6093041065696698,0.8512570302138261,0.06315972337143697,0.7375066493575593,1.206121963124033,0,2025-01-27
1.4619411988891542,1.0802441062855197,2.2807665265042156,0.37884711347243455,1.6239116913073766,1.4053520668885007,-0.8528378406753274,2.2799692645971548,0,2025-01-28
0.6081985375729924,1.2973186871061995,-1.315232890506086,0.26907850766182034,0.13854445165839038,1.6348198016271787,-0.37398039350468076,0.3085188470342328,0,2025-01-29
0.7934348767802004,-0.9264017953683134,-0.7329437253086197,0.19800004592280177,0.17800685200623562,0.13470642058617438,-0.36415860240915177,2.46078143888615,0,2025-01-30
-0.284834487528731,-0.6832383355983688,-0.4185425753381418,-0.8319261355228138,-0.9865128283588346,0.3881239889136145,-0.7293441375703027,1.2012031928187055,0,2025-01-31
-0.47415539300514364,0.24520679228586564,-1.2914489202674333,-0.17783970511999656,-0.7225850287708356,1.650069170548374,0.5675249252594405,1.7062918755509202,0,2025-02-01
0.19980373745249375,1.3948633430516792,-1.368105409617529,-0.27317648655733345,1.1082204720179383,0.18473910913054603,-0.27394505348064735,0.13378065024089156,0,2025-02-02
-0.9397875074830885,0.6202848512143311,-1.589788395788033,0.6549564684666307,-0.4934924662240678,0.70090558384541,-0.4864910762126607,0.4835940043354877,0,2025-02-03
-1.5301616870839059,1.3758040096289033,-0.1042289961285272,1.2072897294229228,1.758345790844615,0.9618297576276496,-0.6783430085126534,2.3571236122892194,0,2025-02-04
-1.1105699098412865,-1.9524656227512907,-0.5840926587487001,0.7549746982507667,-1.2712527739196753,-0.22796128190060527,-0.29848898261170786,-0.521836453007782,0,2025-02-05
0.11652618312046131,-0.271635815206322,0.11768354799569296,0.6707525855025545,-0.18921689829710917,-0.8805545157957989,1.5428350395113228,-1.1162581986333517,0,2025-02-06
0.6371912896310162,0.49884179382339655,-1.4803405437708534,1.0283583978276338,-0.2196947159166804,2.559159955134369,-0.23134746190260494,2.4096846698912047,0,2025-02-07
1.6512593507155429,0.26958425504687444,-0.9452021102980416,1.1572570686712713,-0.6952600931905433,-0.6044260171335791,-0.6512660022514417,-1.9667772194227464,0,2025-02-08
0.3718213857762838,-1.891317018637908,0.856691608581524,-0.4637933506387738,-0.3288022197050865,-1.102152685511431,0.11280813245919148,1.0508992007084519,1,2025-02-09
0.4725170068679937,1.100879062559077,0.6953050098057152,-1.2398979563321708,-0.21369035741598874,-0.2659625158541174,0.8063800088024462,-0.6123300517284198,0,2025-02-10
1.6881409287344062,0.3453340596986565,-1.6163049210584184,0.08616754022624318,0.14787158887137677,0.1646405841987452,0.01663730872524865,-0.1251230616062192,1,2025-02-11
-0.7766554253614278,-0.46651205752338687,0.7676940159829851,1.4355570420038928,-0.10673594104044302,0.3040455976722519,0.4230805191001919,-1.7621617391089937,0,2025-02-12
-0.9592913718409568,1.197754308544923,-0.6085500376838486,-1.3272875017035413,1.0142589884362925,-0.3369599104001364,0.6413976374162034,-0.14990658950232677,0,2025-02-13
-0.5379316561654733,-1.729266526532762,-1.1691383905436519,-1.0311747407839584,2.4653877007096554,0.5193145653826213,0.7644189070701691,-1.3292517036575766,0,2025-02-14
-0.0962240636466996,-0.5113231653167735,0.6644427543138492,-0.01122988039650471,0.7261714063491134,1.7791994254570114,0.23452278765559126,-0.027849177086500018,0,2025-02-15
2.023235773061036,0.88403782656442,0.8344823998624382,-0.6264578930910851,0.3827890439992001,-0.3420155937274343,-1.37450442791746,0.47806139486486904,1,2025-02-16
-0.3488404699267934,0.375991983528501,-2.557374296588918,0.9209309876299931,-0.999354736248618,0.04500172176450103,-0.10860391061782211,-1.43213382339039,0,2025-02-17
1.3071134003524625,-0.22468760966830967,0.7949152572574689,0.0067344750600924356,-0.5547302308094246,1.4480225947400311,-0.6410413694304494,1.0163905987395014,0,2025-02-18
-0.47266081025257173,-0.15377622819119266,-0.571799922514489,0.7704649546759363,-1.703094337562078,-1.0434240688221867,0.7377754049014931,0.9522230008926117,0,2025-02-19
0.49141618023089634,-0.23354322022343163,-0.600262753898548,0.22832637334736863,0.4744963953348437,-1.238485749807223,1.2905824031017084,-2.1212344517158397,0,2025-02-20
0.6813169289424645,0.8672409122902978,-0.452526700498833,0.3351734866928485,-1.4841926703550903,-0.7211783273352044,-0.36572239100322285,-0.48267618729872613,0,2025-02-21
0.5329525398903965,-0.30430518405808304,0.9869399975372223,-1.2480048884002237,0.6742659140373815,-0.11602986180446545,0.7472167367366525,-0.7671158654141824,1,2025-02-22
0.7510465546567943,0.6779244604352218,1.1699240375967614,-0.7162063336361594,-0.7595970355404567,0.9316915734518512,0.3817065415181527,3.620950997266241,0,2025-02-23
-0.6890394381281356,-2.0870739288630373,0.24174664271267768,-2.0343691505201322,0.35442994429698144,-1.700606410622099,-0.22089979383448904,0.032293912721032894,0,2025-02-24
1.4561473693108637,1.2294195341690313,0.6801615667769358,-0.8404884930614361,0.5168964672597053,-0.6992675897582163,1.4019477345605622,-1.4019822517392204,0,2025-02-25
0.9809923461852852,2.441555112668879,2.0238913989069154,-0.61756958784285,-1.8855685053158404,-1.1591681841311408,-0.45094259939827963,0.20248425370321566,0,2025-02-26
-0.7018786834872582,0.4996451254193755,-0.12715384121713066,0.27291029247692383,-0.7952229665383554,-1.6523185376578544,-0.6762004071888004,-1.3051737169627067,0,2025-02-27
0.5057631571336314,-0.08652417693687779,-1.1220007946883825,-1.220545318242687,0.3572221776773432,-1.339764237919835,-0.861664408491423,-0.7496672747819173,0,2025-02-28
-1.07316077990598,-0.5350744759603904,0.41354416600419147,1.7068401590714342,0.47792267585364506,0.7774593304267162,1.0575510848296548,1.360297798637204,0,2025-03-01
0.09490033970525869,0.6997681327726023,0.5929829477904194,1.1506049513483807,0.7986142621619913,0.1045799328408189,-0.7370784447674784,0.016089690052554784,0,2025-03-02
-1.1710863906723505,-0.6501739453930647,-0.2666231491056527,-1.0860283391438006,-0.3422273519123862,0.16314014040442368,-0.7497928619539118,0.13956912547736683,0,2025-03-03
0.7183665575698974,-0.8187338866351151,-0.29975611013586834,-1.9075645163846924,-0.09275087218997408,0.6412876131627313,1.073727316944263,1.1490082638359054,0,2025-03-04
2.9643709900113557,-2.128904288444754,2.0360212234867774,-1.669560062823502,1.7846312680703045,0.45505528545799845,0.35453640405160713,2.050559924987588,1,2025-03-05
1.47084001348735,0.24260815202086145,-0.363528365227702,0.23945701963466753,0.19926805064835781,0.44594274155539615,-0.15331767198480106,0.3722300113582462,0,2025-03-06
0.7307794218428268,-0.29082580523619617,-0.9972551980140317,-1.3042863928859503,0.8223082156013745,1.9857826663960676,-0.8480348484055312,-1.0896964217011385,0,2025-03-07
-0.9028715141134613,-0.23596750808856531,-2.78465363418495,-0.35829093835081893,-0.26321036304157513,0.6982790614368771,0.235259680335368,-0.031578070776599035,0,2025-03-08
0.3802580125186096,-0.0023097147217655705,0.7143134899113297,0.49452984710252484,-1.5046245468266124,-2.8396243192316435,-1.057746580770544,0.34899742060975864,0,2025-03-09
1.1845560951901957,-0.7081177693810502,1.1687577614536913,0.32427257841607493,0.4664397003155401,0.5934097903552698,0.19533425803787122,-0.11934817716576804,1,2025-03-10
-0.08838303224072712,0.18735159759892722,-1.2696162185674953,0.6683519026409599,0.5454979087870307,1.0097664965122755,0.14640118834357743,0.7121637041728562,0,2025-03-11
0.12927855482870204,-1.0799221701233737,0.48149358754404264,-1.3539501955216595,0.9430353424597961,0.5181292091715706,-0.07068077060880329,-0.7202211672089676,0,2025-03-12
-1.6943426796774084,-0.11538988853860811,-0.43684495386103545,0.5928265583971241,-0.8992736499912743,-0.62659630468948,0.1896705626323184,1.921457739138062,0,2025-03-13
-0.8554204851920025,-0.2814173483258044,-0.03101152180155087,0.6258491803369841,-0.7066400251946087,-1.0753982721991187,0.6106269073029146,0.5495680490756348,0,2025-03-14
-1.8483526617666735,-1.7082958433170228,-0.6828251625228208,0.8847416332226024,-2.160734100578594,0.04709113040592421,-1.7954095045269023,-1.623129224138302,0,2025-03-15
1.9144691061207377,-1.2119706997892028,-0.10484106652536943,0.7619755086057821,0.5607829650950096,0.7084764198055452,-1.0421253885736215,0.049213359715731604,1,2025-03-16
0.47263212924378845,-0.5924914539529242,0.771691221097166,-1.3378062205738481,0.813319528649364,0.9081548196133273,0.7219123570349298,0.7803434621737001,1,2025-03-17
0.7246909769053713,-0.5624202981084024,-0.5996097255759157,-2.503818380916427,-0.6719276358349912,-1.9243843983388746,-0.1514636477254451,0.47806974669102825,1,2025-03-18
-0.2026986420404116,0.25919884789899744,-0.7668522590345669,0.30330822835835114,-0.4407885576135443,0.3501714332180165,0.845352109907901,1.6358438817749679,0,2025-03-19
-1.4606652749674036,-0.4049933883498621,-1.0959895594041003,1.5348735311168678,-0.21506206744274756,1.3365965164812075,1.6902022986938618,-1.0205705873829591,0,2025-03-20
0.17597083382716427,-0.051162100853359725,1.0353277260432068,-0.8318446768898784,1.5903179676955854,0.8037609784297837,1.5469445297403468,-1.5623309485416719,0,2025-03-21
-0.6364888554360455,-0.40881216321585817,-0.9200728379081284,-0.8425153540080381,0.9069865394906004,2.6613785035142583,0.9862721997889943,0.9136037039643639,0,2025-03-22
-0.9698263345674594,-2.5901351688821284,0.5340072304294469,0.11349167476796237,1.1400410903118883,-0.7287940825937136,0.1046384601909843,-0.4066938752299133,0,2025-03-23
0.05541093776171159,-0.12339602272952155,-1.3289651569492484,1.0215950727676142,-0.1471872457842785,-1.2663289480774642,1.1842552544610012,-0.3475262083633645,0,2025-03-24
0.10981831503877666,-0.8421700311150536,-2.2138226230565503,0.6743493287881311,-0.44466523308183203,0.923048378459652,-0.588982613115732,0.9024388893709878,0,2025-03-25
-0.18049263174436744,-0.1598454645272317,-0.6466677652100101,-1.241415044174544,1.101022821298611,1.572658680808223,0.20375499474600287,-0.9717663087346755,0,2025-03-26
-0.7742687816113523,-0.7660783957029785,0.14778287026513748,-0.4932727647689569,-1.6579753131516999,-1.055224706566971,-0.24645412543361472,-1.3508787507876356,0,2025-03-27
-0.9858678341721334,0.6556766573404396,0.9956627656609802,-0.6214189385574849,0.5125831823595871,0.049414619549692375,-0.4561950582084775,-1.1496585243147277,0,2025-03-28
0.006320581300227861,-0.04591364744248045,0.7083873686980141,0.5158138746026038,-1.2995672520511936,0.2490755354296541,-0.7238744133494364,0.749893508770307,0,2025-03-29
1.2224853114413154,0.7082712148991408,0.23536794152582263,0.6980728284133594,0.7850140777427336,0.4387586088148958,0.43212049523915663,-0.13729197026577725,0,2025-03-30
-1.604310120579891,0.7813918274538416,-2.571681837084486,-0.9386818994269275,0.5076895100614055,1.3134072846735312,-1.513858346155858,-0.7452367852327464,0,2025-03-31
-0.6571819934315685,-0.5666414676793036,0.3951536893659754,-0.8658488323865322,-0.8890300525898472,2.450673940166489,-1.9177786770862115,-2.1177264583783644,0,2025-04-01
-0.16235828655231635,0.8152732069524729,-1.5592939418835474,0.23222140361102642,0.21819619705142326,-0.5964006408761238,1.0017308588104736,0.7178622539194647,0,2025-04-02
-0.15873798986043386,0.2287355587215615,-0.7804321791673267,-0.27308368630126184,-1.1343714982735311,-0.32384545977520374,0.4124174688249283,-1.0871783422233903,0,2025-04-03
-0.5927634242444517,-1.0579485844394967,1.6990263049938104,-0.8238628937596869,-1.0498002580466352,-1.5648736334250917,0.8266211226880033,0.6811759694311933,0,2025-04-04
1.9285065487190431,-0.11597365061390945,0.9166130252693062,-0.5061422775798483,-0.3957863177326531,0.8110014718121134,-0.11079846256857957,-0.42315442856205776,1,2025-04-05
0.399799120028944,0.09406932017264226,-1.158007653049129,0.549185721673531,-0.763701056376999,-1.1745648691031594,0.4768059813670089,0.3079183190401697,0,2025-04-06
-0.9853834736418244,1.2699176973686377,-0.42614007291629924,-0.40579615618799175,0.9855587422536612,0.1317458287445253,-0.48102248188760177,-0.7218056606228386,0,2025-04-07
-1.8821308940695523,-0.34856662392133786,0.7054326902111819,-0.17396331182190164,2.0837625429014595,0.4823735498693078,-0.5101311557078498,0.3541837438805245,0,2025-04-08
-0.17214987401979467,1.5708644989582856,-0.2252252032552506,-0.827697336759209,0.0006768400769590278,1.3864551040927156,-1.1043240053913692,-2.1394302390862414,0,2025-04-09
1.479468756664429,0.7698791459606226,-0.29296271735965046,0.5418797762353615,-0.008102394173105784,-0.05395958139605398,1.7850147270590933,-0.790335599258815,0,2025-04-10
0.19276710173583192,-2.1142577074058213,-1.1963085796472885,-0.5709505574936474,0.7412928585934967,-0.5068382357749659,-0.9459238199147507,0.5483438303658883,1,2025-04-11
-2.3159909779273704,-1.0355759565569556,0.4595819061913621,0.2108227174438827,-0.324634900203056,-0.6656883958853478,1.5660043110626538,1.535002911574949,0,2025-04-12
-1.3769433806742357,0.5865478772980256,0.5927238425027079,0.11788127882819857,0.44445008570180594,1.0220230351451078,-1.195127195014497,0.49400168554768364,0,2025-04-13
0.12291695848756362,-1.4553341986087887,-0.870063159715828,-0.44035171453209343,-1.8883105961626319,-0.3589776903084889,-0.8918883241004152,-0.7055297472190873,1,2025-04-14
1.0676102615078604,0.4761825510507366,-2.0964827429607347,-0.8868590552902877,-0.7028015754777114,0.05827523549677676,1.2159771527449692,-0.6430879333260267,1,2025-04-15
0.14107446685739256,1.3826155601759385,1.7292711498988502,-0.12876230413827355,-1.551971014120664,0.7908835666822147,0.5810044934261194,0.10097205858865006,0,2025-04-16
0.1492933105461135,-0.26816127279002727,-0.7714826100172788,-0.35880030439464544,-1.9221995255308106,1.3483710931034059,0.4142352321730828,-1.2254698653832872,0,2025-04-17
1.0729963447895543,1.4076926838914374,0.3448869901506221,0.9617877740497229,0.9389223735336351,1.2010369897851438,-0.9161627372432307,1.0684041590594016,0,2025-04-18
1.2562533245222551,1.3239345560687565,-0.92264985469146,-0.8985292415871526,-0.3142754287928547,-1.4637280157578987,0.9633299762819786,2.072411540129576,0,2025-04-19
-0.676530525437766,-0.05634217967280286,-0.8122657946013202,0.7070641365973062,1.5558645847684474,-1.1333848384335834,-0.8494216099516617,-0.5209607189955558,0,2025-04-20
0.4380457793395346,-0.03335946399133509,0.8855096411472944,1.1583836588435885,1.492084038815919,0.37153293662334647,0.3050820318789419,-2.2782307931135493,0,2025-04-21
-0.9573832150993403,0.18123852035006066,-0.3839036531783032,0.609748864957804,-0.07678226999096407,0.5972421403528194,-0.7110672671219542,-0.8003044814669311,0,2025-04-22
-1.0765697973566228,0.44489465428690567,0.7021720535438702,0.6975420124622285,-0.4303043916969144,0.2850950539919011,1.5402977082538793,-0.20169178955672099,0,2025-04-23
0.5883406450393772,-1.5574582576773173,0.7261373991948372,-0.2970749228870092,-0.7691117895990561,1.3563574191435406,0.4005331945546462,-0.5729492594942378,1,2025-04-24
-1.423440866962666,-0.14491682582006976,-0.5779137749885114,0.41025393977296004,-2.454845923848898,1.5996518416993775,1.3379566031971897,1.2701012405600711,0,2025-04-25
0.1698638673047373,-1.6732542295802204,0.22803945628353653,0.41992317822682995,-0.5487030108644863,-0.07860399092929918,-0.14940172639994953,1.0409977021635701,0,2025-04-26
0.31419903062776083,-0.34513322502923377,0.7076037671329998,-1.645804310216973,-0.2890032041731635,0.1869088793111654,-0.7031537049836377,-0.837821175096853,0,2025-04-27
0.8612876095504199,-0.21940533655214675,1.1752317969563604,-0.358378485283183,-0.6884720448183469,1.1303672521435209,-1.3535879030779565,1.2305199420729906,1,2025-04-28
-1.1504291882493116,-1.817429411176526,-0.3288188131755092,-1.2393867134380943,-0.9869911850975025,0.9026651294758065,0.25508516186038943,1.7286673920676692,0,2025-04-29
0.38081620136544136,-1.263536983215834,-0.051580405338454274,-1.8918390926367248,-0.10305673879623091,-1.0427009441026684,1.1870153382008328,-1.7050674000425894,0,2025-04-30
-0.12542818631614266,-0.3980898574811445,-0.9968720095853799,-0.04983888266432686,-0.38664960787683994,-1.3452171891196942,0.5340616619988252,-0.2365710780453274,0,2025-05-01
1.4860602411657748,2.160345106755486,0.7203384761896542,0.41293261782835883,0.1187861538779625,-1.8331927406223631,-0.7022862355545261,0.13458674687590286,0,2025-05-02
-0.7427522358152787,-1.3867368131355684,0.04227810068316739,-0.6883883914841243,-1.004615909749621,-0.016461106963815024,-0.4426080448109286,1.4710528877819478,0,2025-05-03
-1.1100206320463282,0.1245523542643073,-1.3865689114177082,0.4949609533444022,1.8617365600376512,-0.6174343345452918,-0.44199618044482036,-1.587825353659303,0,2025-05-04
0.5002211367088556,-0.8935495461278214,-0.4051256107347511,0.5503596338719005,0.5222691089411579,-0.7108787909860217,-0.02569720909961617,-0.32238053306693426,1,2025-05-05
-0.8558121996885317,-0.37504268575003535,-0.17009053313397013,0.0777039290681361,-0.18040349486599774,-1.600488419180303,0.694174016626929,-0.7061954893397957,0,2025-05-06
-1.2942976898550156,0.9851755697159447,-0.641980807205825,-0.5112668071268744,-0.8021710073780417,-0.06422484125631106,0.14096424152248485,-0.8934742528820506,0,2025-05-07
0.9100717566792268,0.3104747436334908,-0.7714709361413719,0.6580439313980014,-0.987626820055007,-1.5739349736465393,0.7110542782771274,-0.20180265027477834,0,2025-05-08
0.43038637363658355,0.42577859925695133,-1.6822803186681108,1.750099665910735,0.7678271783246022,-1.2220053342313129,0.442507584388143,0.772737465267498,0,2025-05-09
-3.1114224759038254,0.48875873293237526,0.04531821510165629,-2.0602346200780497,-0.43002093039119993,-0.38176834663297143,-1.0064044247319017,0.6520190564972692,0,2025-05-10
-0.9209848857125918,0.575499599845922,-0.47448606175099445,0.7191716137681714,0.028704132634047634,0.46607294293280155,0.0960017606929875,1.3671281373153077,0,2025-05-11
-1.1080369867323656,-2.1615670038640196,0.8624878390010984,-1.1639063812230617,0.3919364519623768,0.019549128607031806,-0.991570092901873,-0.5070200441148279,0,2025-05-12
0.6443473296263564,0.3860462253269192,-0.15363504117925594,0.8380188830880306,-0.5637575019395556,0.6936553755221234,0.09818460087848992,0.15408046574197973,0,2025-05-13
1.4725629340858089,-0.08508497907856256,0.7856143983904452,0.987696456450489,0.23435744848469436,-0.08442115211996919,0.43651371686948415,0.544888071658912,0,2025-05-14
